id,target
c0f722661,0.08288857340812683
f0953f0a5,0.09380924701690674
0df072751,0.11075656116008759
04caf4e0c,0.19404207170009613
0e63f8bea,0.15485912561416626
12537fe78,0.09424692392349243
965e592c0,0.09665585309267044
